{
  "definitions": {},
  "$schema": "http://json-schema.org/draft-07/schema#",
  "$id": "http://example.com/root.json",
  "type": "object",
  "title": "The Root Schema",
  "required": [
    "id",
    "category",
    "name",
    "photoUrls",
    "tags",
    "status"
  ],
  "properties": {
    "id": {
      "$id": "#/properties/id",
      "type": "string",
      "title": "The Id Schema",
      "default": 0,
      "examples": [
        2
      ]
    },
    "category": {
      "$id": "#/properties/category",
      "type": "object",
      "title": "The Category Schema",
      "required": [
        "id",
        "name"
      ],
      "properties": {
        "id": {
          "$id": "#/properties/category/properties/id",
          "type": "integer",
          "title": "The Id Schema",
          "default": 0,
          "examples": [
            2
          ]
        },
        "name": {
          "$id": "#/properties/category/properties/name",
          "type": "string",
          "title": "The Name Schema",
          "default": "",
          "examples": [
            "Something2"
          ],
          "pattern": "^(.*)$"
        }
      }
    },
    "name": {
      "$id": "#/properties/name",
      "type": "string",
      "title": "The Name Schema",
      "default": "",
      "examples": [
        "Something2"
      ],
      "pattern": "^(.*)$"
    },
    "photoUrls": {
      "$id": "#/properties/photoUrls",
      "type": "array",
      "title": "The Photourls Schema",
      "items": {
        "$id": "#/properties/photoUrls/items",
        "type": "string",
        "title": "The Items Schema",
        "default": "",
        "examples": [
          ""
        ],
        "pattern": "^(.*)$"
      }
    },
    "tags": {
      "$id": "#/properties/tags",
      "type": "array",
      "title": "The Tags Schema",
      "items": {
        "$id": "#/properties/tags/items",
        "type": "object",
        "title": "The Items Schema",
        "required": [
          "id",
          "name"
        ],
        "properties": {
          "id": {
            "$id": "#/properties/tags/items/properties/id",
            "type": "integer",
            "title": "The Id Schema",
            "default": 0,
            "examples": [
              2
            ]
          },
          "name": {
            "$id": "#/properties/tags/items/properties/name",
            "type": "string",
            "title": "The Name Schema",
            "default": "",
            "examples": [
              "Something2"
            ],
            "pattern": "^(.*)$"
          }
        }
      }
    },
    "status": {
      "$id": "#/properties/status",
      "type": "string",
      "title": "The Status Schema",
      "default": "",
      "examples": [
        "123"
      ],
      "pattern": "^(.*)$"
    }
  }
}